{
  "project_info": {
    "project_number": "787335006601",
    "project_id": "rickxi-4cd71",
    "storage_bucket": "rickxi-4cd71.firebasestorage.app"
  },
  "client": [
    {
      "client_info": {
        "mobilesdk_app_id": "1:787335006601:android:e9cdc572e1d62c5812f958",
        "android_client_info": {
          "package_name": "com.example.rickxi"
        }
      },
      "oauth_client": [],
      "api_key": [
        {
          "current_key": "AIzaSyB6DaioYALdvFIG2uvLBjxE1aRdD7mviIc"
        }
      ],
      "services": {
        "appinvite_service": {
          "other_platform_oauth_client": []
        }
      }
    }
  ],
  "configuration_version": "1"
}