{"flutter":{"platforms":{"android":{"default":{"projectId":"rickxi-4cd71","appId":"1:787335006601:android:e9cdc572e1d62c5812f958","fileOutput":"android/app/google-services.json"}},"dart":{"lib/firebase_options.dart":{"projectId":"rickxi-4cd71","configurations":{"android":"1:787335006601:android:e9cdc572e1d62c5812f958","ios":"1:787335006601:ios:ee3590d2170f70ea12f958","macos":"1:787335006601:ios:ee3590d2170f70ea12f958","web":"1:787335006601:web:3cd66239671fa15412f958","windows":"1:787335006601:web:4e5bb4937daa8cc812f958"}}}}}}